TARGET_CLASS,configuration_id,criterion,ctg_min_time_per_job,ctg_schedule,search_budget,p_object_pool,ctg_time_per_class,Size,Length,Total_Time,Random_Seed,LineCoverage,LineCoverageBitString,BranchCoverage,BranchCoverageBitString,ExceptionCoverage,ExceptionCoverageBitString,Explicit_MethodExceptions,Explicit_TypeExceptions,Implicit_MethodExceptions,Implicit_TypeExceptions,WeakMutationScore,WeakMutationCoverageBitString,OutputCoverage,OutputCoverageBitString,MethodCoverage,MethodCoverageBitString,MethodNoExceptionCoverage,MethodNoExceptionCoverageBitString,CBranchCoverage,CBranchCoverageBitString
TP2.Encomenda,default,LINE;BRANCH;EXCEPTION;WEAKMUTATION;OUTPUT;METHOD;METHODNOEXCEPTION;CBRANCH,1,BUDGET,65,0.3,2,69,260,76545,1716679838337,1.0,1111111111111111111111111111111111111111111111111111111111111111111111111111111111111111111111111111111,0.9848484848484849,111111111111111111111111111111111111111111111111111111111111110111,1.0,11111111,0,0,6,1,0.9642857142857143,1111111111111111111111111111111111111111111111111101111111111011111111011111111111111111111111111110111111111111,0.8507462686567164,1111111111111110110111111111111111111101101011111101111111110110010,1.0,1111111111111111111111111111111,1.0,1111111111111111111111111111111,0.9848484848484849,111111111111111111111111111111111111111111111111111111111111111110
