TARGET_CLASS,configuration_id,criterion,ctg_min_time_per_job,ctg_schedule,search_budget,p_object_pool,ctg_time_per_class,Size,Length,Total_Time,Random_Seed,LineCoverage,LineCoverageBitString,BranchCoverage,BranchCoverageBitString,ExceptionCoverage,ExceptionCoverageBitString,Explicit_MethodExceptions,Explicit_TypeExceptions,Implicit_MethodExceptions,Implicit_TypeExceptions,WeakMutationScore,WeakMutationCoverageBitString,OutputCoverage,OutputCoverageBitString,MethodCoverage,MethodCoverageBitString,MethodNoExceptionCoverage,MethodNoExceptionCoverageBitString,CBranchCoverage,CBranchCoverageBitString
Sapatilha,default,LINE;BRANCH;EXCEPTION;WEAKMUTATION;OUTPUT;METHOD;METHODNOEXCEPTION;CBRANCH,1,BUDGET,33,0.3,1,63,631,52690,1716544450361,0.9864864864864865,11111111111111111111111111111111111111111110111111111111111111111111111111,0.9591836734693877,1111111111111111111111111111111111111110111110111,1.0,11111,0,0,5,1,0.8851063829787233,1111111111111111111111111111111111111111111111111111111111111110111111111111111111111111111111111111111111111110000000000000000000000000011111111111111111111111111111111111111111111111111111111111111111111111111111111111111111111111111,0.9166666666666666,111111111111111111111111111111111110111111111111111111010010,1.0,1111111111111111111,1.0,1111111111111111111,0.9591836734693877,1111111111111111111111111111111111111110111110111
